{"loss":{"0":0.881483674,"1":0.8087962866,"2":0.7443722486,"3":0.6854305863,"4":0.627365768},"dice_coef":{"0":0.407730341,"1":0.440421015,"2":0.4703657031,"3":0.5000647306,"4":0.5302576423},"jacard":{"0":0.257393539,"1":0.2833659053,"2":0.3087083995,"3":0.3344502449,"4":0.3616602421},"recall":{"0":0.6103203893,"1":0.6870818138,"2":0.7516340613,"3":0.8015221357,"4":0.8405018449},"precision":{"0":0.3146886528,"1":0.357856214,"2":0.4005007148,"3":0.4433549345,"4":0.4880570769},"accuracy":{"0":0.4139963686,"1":0.4729685485,"2":0.5317334533,"3":0.5892344117,"4":0.6450382471}}