{"loss":{"0":0.7626284361,"1":0.7042877674,"2":0.6542202234,"3":0.6017378569,"4":0.5515645742},"dice_coef":{"0":0.4023519158,"1":0.4308507442,"2":0.4561011195,"3":0.4902415276,"4":0.5225814581},"jacard":{"0":0.2524335086,"1":0.2753457129,"2":0.2968565822,"3":0.3254824281,"4":0.3544026911},"recall":{"0":0.4949670732,"1":0.5606131554,"2":0.6212947369,"3":0.685284555,"4":0.7392889857},"precision":{"0":0.3465116322,"1":0.4055095017,"2":0.4623067379,"3":0.5252153873,"4":0.5845991373},"accuracy":{"0":0.509563446,"1":0.5699877143,"2":0.6245214939,"3":0.6814964414,"4":0.7320128083}}