,loss,dice_coef,jacard,recall,precision,accuracy
0,0.8814836740493774,0.4077303409576416,0.2573935389518738,0.6103203892707825,0.31468865275382996,0.4139963686466217
1,0.8087962865829468,0.4404210150241852,0.2833659052848816,0.6870818138122559,0.35785621404647827,0.47296854853630066
2,0.7443722486495972,0.4703657031059265,0.30870839953422546,0.7516340613365173,0.40050071477890015,0.5317334532737732
3,0.6854305863380432,0.5000647306442261,0.33445024490356445,0.8015221357345581,0.44335493445396423,0.5892344117164612
4,0.62736576795578,0.5302576422691345,0.3616602420806885,0.8405018448829651,0.48805707693099976,0.6450382471084595
